datetime,1001,1002,1003,1004,1005,1006,1007,1008,1009,1010,1011,1012,1013,1014,1015,1016,1017,1018,1019,1020,1021,1022,1023,1024,1025,1026,1027,1028,1029,1030,1031,1032,1033,1034,1035,1036
2014-05-01 01:00:00,138.0,89.0,105.0,98.0,109.0,87.0,88.0,91.0,87.0,87.0,90.0,78.0,76.0,74.0,96.0,106.0,86.0,112.0,38.0,91.0,96.0,87.0,95.0,100.0,116.0,77.0,56.0,84.0,117.0,133.0,97.0,87.0,74.0,94.0,29.0,66.0
2014-05-01 02:00:00,124.0,85.0,121.0,107.0,101.0,99.0,105.0,102.0,103.0,94.0,96.0,98.0,94.0,87.0,110.0,120.0,99.0,106.0,38.0,101.0,101.0,87.0,116.0,94.0,109.0,70.0,56.0,77.0,109.0,133.0,97.0,84.0,84.0,101.0,29.0,66.0
2014-05-01 03:00:00,127.0,88.0,130.0,115.0,102.0,109.0,114.0,108.0,112.0,109.0,102.0,106.0,100.0,94.0,117.0,124.0,102.0,118.0,38.0,111.0,100.0,97.0,118.0,94.0,104.0,71.0,56.0,90.0,105.0,133.0,103.0,83.0,100.0,112.0,29.0,66.0
2014-05-01 04:00:00,129.0,100.0,137.0,123.0,108.0,118.0,118.0,109.0,117.0,111.0,109.0,107.0,107.0,96.0,123.0,133.0,110.0,126.0,38.0,119.0,109.0,107.0,120.0,100.0,99.0,74.0,56.0,94.0,105.0,133.0,107.0,88.0,103.0,120.0,29.0,66.0
2014-05-01 05:00:00,129.0,109.0,144.0,129.0,115.0,124.0,130.0,116.0,124.0,114.0,104.0,112.0,118.0,103.0,134.0,139.0,120.0,132.0,38.0,127.0,113.0,112.0,126.0,102.0,98.0,73.0,56.0,80.0,104.0,133.0,111.0,85.0,108.0,125.0,29.0,66.0
2014-05-01 06:00:00,129.0,120.0,142.0,138.0,123.0,134.0,140.0,127.0,132.0,121.0,106.0,123.0,129.0,94.0,138.0,148.0,122.0,143.0,38.0,132.0,119.0,152.0,136.0,100.0,99.0,76.0,56.0,95.0,106.0,133.0,119.0,78.0,115.0,131.0,29.0,66.0
2014-05-01 07:00:00,129.0,127.0,112.0,146.0,142.0,142.0,142.0,134.0,138.0,113.0,115.0,126.0,132.0,97.0,138.0,153.0,132.0,147.0,38.0,134.0,127.0,129.0,136.0,112.0,92.0,81.0,56.0,88.0,104.0,133.0,115.0,92.0,122.0,139.0,29.0,66.0
2014-05-01 08:00:00,120.0,114.0,108.0,144.0,146.0,140.0,150.0,136.0,142.0,135.0,139.0,139.0,138.0,125.0,152.0,158.0,133.0,162.0,38.0,142.0,135.0,135.0,152.0,117.0,97.0,87.0,56.0,97.0,109.0,133.0,120.0,85.0,128.0,155.0,29.0,66.0
2014-05-01 09:00:00,123.0,121.0,141.0,151.0,130.0,130.0,139.0,146.0,156.0,148.0,151.0,152.0,148.0,147.0,160.0,174.0,142.0,171.0,38.0,167.0,149.0,135.0,170.0,121.0,92.0,94.0,56.0,98.0,107.0,133.0,125.0,86.0,142.0,167.0,29.0,66.0
2014-05-01 10:00:00,147.0,133.0,148.0,168.0,158.0,139.0,158.0,155.0,168.0,163.0,146.0,160.0,165.0,150.0,170.0,177.0,162.0,180.0,38.0,181.0,162.0,150.0,188.0,149.0,104.0,101.0,56.0,120.0,118.0,133.0,136.0,100.0,139.0,180.0,29.0,66.0
2014-05-01 11:00:00,188.0,133.0,167.0,175.0,152.0,165.0,181.0,159.0,168.0,175.0,159.0,163.0,168.0,136.0,175.0,188.0,147.0,184.0,38.0,188.0,180.0,162.0,190.0,165.0,139.0,132.0,56.0,126.0,138.0,147.0,144.0,119.0,135.0,149.0,29.0,66.0
2014-05-01 12:00:00,212.0,133.0,178.0,187.0,163.0,166.0,167.0,170.0,149.0,173.0,162.0,152.0,151.0,141.0,178.0,193.0,166.0,164.0,38.0,164.0,191.0,155.0,184.0,185.0,162.0,143.0,56.0,131.0,146.0,166.0,147.0,137.0,131.0,135.0,29.0,66.0
2014-05-01 13:00:00,229.0,111.0,179.0,186.0,181.0,163.0,157.0,165.0,148.0,156.0,314.0,146.0,143.0,143.0,171.0,183.0,139.0,142.0,38.0,162.0,186.0,143.0,165.0,186.0,172.0,142.0,56.0,142.0,156.0,171.0,158.0,152.0,135.0,123.0,29.0,66.0
2014-05-01 14:00:00,240.0,172.0,184.0,171.0,173.0,164.0,162.0,158.0,150.0,152.0,184.0,151.0,156.0,135.0,163.0,178.0,147.0,151.0,38.0,163.0,189.0,144.0,153.0,191.0,184.0,132.0,56.0,140.0,162.0,190.0,170.0,157.0,132.0,125.0,29.0,66.0
2014-05-01 15:00:00,240.0,173.0,188.0,185.0,189.0,166.0,154.0,162.0,144.0,164.0,164.0,152.0,145.0,147.0,157.0,175.0,149.0,170.0,38.0,153.0,182.0,158.0,152.0,183.0,196.0,127.0,56.0,155.0,171.0,173.0,189.0,139.0,131.0,126.0,29.0,66.0
2014-05-01 16:00:00,241.0,177.0,188.0,187.0,184.0,167.0,165.0,136.0,151.0,164.0,165.0,128.0,137.0,143.0,189.0,183.0,138.0,142.0,38.0,147.0,200.0,202.0,138.0,183.0,199.0,110.0,56.0,141.0,192.0,178.0,210.0,150.0,124.0,118.0,29.0,66.0
2014-05-01 17:00:00,240.0,176.0,185.0,181.0,184.0,173.0,168.0,159.0,156.0,161.0,143.0,140.0,148.0,124.0,192.0,187.0,140.0,132.0,38.0,155.0,183.0,143.0,123.0,180.0,190.0,114.0,56.0,130.0,206.0,173.0,213.0,138.0,123.0,110.0,29.0,66.0
2014-05-01 18:00:00,242.0,171.0,146.0,167.0,167.0,158.0,162.0,149.0,137.0,172.0,170.0,130.0,143.0,114.0,176.0,189.0,142.0,133.0,38.0,154.0,212.0,147.0,119.0,93.0,182.0,100.0,56.0,105.0,190.0,117.0,194.0,128.0,105.0,108.0,29.0,66.0
2014-05-01 19:00:00,174.0,126.0,91.0,150.0,159.0,59.0,115.0,150.0,92.0,153.0,154.0,92.0,89.0,125.0,143.0,164.0,131.0,129.0,38.0,85.0,204.0,136.0,88.0,64.0,157.0,99.0,56.0,107.0,64.0,69.0,82.0,113.0,106.0,102.0,29.0,66.0
2014-05-01 20:00:00,130.0,53.0,77.0,103.0,148.0,52.0,67.0,102.0,65.0,174.0,205.0,69.0,59.0,79.0,91.0,126.0,100.0,116.0,38.0,99.0,196.0,130.0,72.0,82.0,71.0,101.0,56.0,68.0,41.0,82.0,140.0,117.0,99.0,109.0,29.0,66.0
2014-05-01 21:00:00,132.0,58.0,68.0,63.0,95.0,57.0,96.0,78.0,81.0,101.0,98.0,69.0,60.0,67.0,112.0,81.0,67.0,116.0,38.0,44.0,134.0,68.0,74.0,68.0,75.0,76.0,56.0,66.0,68.0,74.0,94.0,117.0,77.0,121.0,29.0,66.0
2014-05-01 22:00:00,119.0,51.0,50.0,63.0,92.0,46.0,53.0,81.0,50.0,119.0,224.0,50.0,45.0,71.0,52.0,86.0,60.0,91.0,38.0,60.0,153.0,113.0,62.0,43.0,66.0,66.0,56.0,64.0,54.0,42.0,65.0,117.0,74.0,90.0,29.0,66.0
2014-05-01 23:00:00,48.0,33.0,36.0,47.0,58.0,32.0,48.0,50.0,31.0,99.0,92.0,31.0,30.0,47.0,42.0,68.0,56.0,78.0,38.0,40.0,92.0,54.0,48.0,35.0,47.0,60.0,56.0,63.0,46.0,46.0,48.0,117.0,68.0,72.0,29.0,66.0
2014-05-02,37.0,31.0,34.0,46.0,48.0,41.0,39.0,40.0,33.0,51.0,61.0,38.0,28.0,28.0,60.0,47.0,30.0,55.0,38.0,30.0,63.0,51.0,40.0,34.0,47.0,50.0,56.0,48.0,33.0,30.0,41.0,117.0,49.0,43.0,29.0,66.0
2014-05-02 01:00:00,49.0,28.0,33.0,33.0,40.0,30.0,51.0,32.0,31.0,44.0,58.0,36.0,26.0,37.0,40.0,26.0,41.0,47.0,38.0,28.0,59.0,48.0,40.0,41.0,41.0,44.0,56.0,50.0,31.0,29.0,38.0,117.0,54.0,53.0,29.0,66.0
2014-05-02 02:00:00,42.0,28.0,26.0,28.0,31.0,23.0,49.0,226.0,22.0,125.0,55.0,36.0,25.0,25.0,39.0,39.0,30.0,43.0,38.0,32.0,49.0,47.0,35.0,32.0,32.0,42.0,56.0,42.0,27.0,27.0,37.0,117.0,54.0,36.0,29.0,66.0
2014-05-02 03:00:00,34.0,23.0,28.0,24.0,29.0,20.0,41.0,69.0,18.0,56.0,47.0,32.0,24.0,22.0,32.0,34.0,25.0,39.0,38.0,30.0,38.0,44.0,30.0,23.0,29.0,30.0,56.0,27.0,35.0,26.0,25.0,117.0,37.0,32.0,29.0,66.0
2014-05-02 04:00:00,26.0,22.0,18.0,21.0,26.0,17.0,36.0,32.0,24.0,46.0,42.0,26.0,19.0,28.0,26.0,24.0,28.0,37.0,38.0,24.0,32.0,34.0,23.0,19.0,27.0,26.0,56.0,14.0,25.0,20.0,25.0,117.0,34.0,30.0,29.0,66.0
2014-05-02 05:00:00,20.0,17.0,17.0,19.0,25.0,14.0,36.0,26.0,14.0,36.0,32.0,53.0,20.0,23.0,19.0,28.0,22.0,37.0,38.0,17.0,33.0,28.0,22.0,22.0,28.0,28.0,56.0,13.0,6.0,22.0,22.0,117.0,31.0,25.0,29.0,66.0
2014-05-02 06:00:00,21.0,20.0,16.0,20.0,22.0,20.0,34.0,26.0,17.0,27.0,32.0,30.0,19.0,16.0,18.0,20.0,27.0,37.0,38.0,17.0,30.0,34.0,21.0,14.0,30.0,25.0,56.0,23.0,11.0,15.0,35.0,117.0,28.0,24.0,29.0,66.0
2014-05-02 07:00:00,23.0,21.0,13.0,14.0,20.0,16.0,28.0,22.0,12.0,27.0,35.0,28.0,14.0,15.0,19.0,20.0,23.0,37.0,38.0,21.0,28.0,34.0,19.0,11.0,23.0,22.0,56.0,13.0,4.0,11.0,15.0,117.0,26.0,25.0,29.0,66.0
2014-05-02 08:00:00,13.0,9.0,12.0,16.0,13.0,15.0,30.0,11.0,10.0,20.0,89.0,20.0,8.0,16.0,17.0,18.0,19.0,37.0,38.0,9.0,26.0,25.0,13.0,16.0,13.0,20.0,56.0,8.0,3.0,8.0,11.0,117.0,21.0,22.0,29.0,66.0
2014-05-02 09:00:00,19.0,6.0,11.0,14.0,12.0,10.0,36.0,11.0,61.0,9.0,27.0,18.0,12.0,16.0,24.0,15.0,8.0,37.0,38.0,16.0,18.0,26.0,14.0,30.0,12.0,16.0,56.0,7.0,3.0,35.0,14.0,117.0,19.0,16.0,29.0,66.0
2014-05-02 10:00:00,18.0,13.0,11.0,14.0,34.0,41.0,66.0,20.0,27.0,18.0,38.0,34.0,25.0,13.0,21.0,20.0,3.0,37.0,38.0,19.0,29.0,39.0,25.0,43.0,19.0,18.0,56.0,4.0,25.0,59.0,36.0,117.0,18.0,13.0,29.0,66.0
2014-05-02 11:00:00,36.0,20.0,36.0,23.0,32.0,24.0,66.0,35.0,23.0,31.0,55.0,23.0,25.0,24.0,38.0,37.0,24.0,37.0,38.0,26.0,40.0,52.0,22.0,29.0,18.0,18.0,56.0,19.0,12.0,34.0,25.0,117.0,22.0,24.0,29.0,66.0
2014-05-02 12:00:00,25.0,24.0,35.0,22.0,26.0,22.0,58.0,28.0,23.0,46.0,102.0,22.0,22.0,20.0,20.0,33.0,31.0,37.0,38.0,29.0,43.0,54.0,24.0,28.0,22.0,24.0,56.0,31.0,10.0,26.0,27.0,117.0,24.0,30.0,29.0,66.0
2014-05-02 13:00:00,20.0,17.0,34.0,21.0,20.0,22.0,57.0,26.0,22.0,28.0,66.0,21.0,22.0,16.0,20.0,20.0,14.0,39.411800384521484,42.611900329589844,29.0,31.0,50.0,23.0,28.0,24.0,22.0,32.88188171386719,17.0,23.0,26.0,41.0,29.101835250854492,16.0,36.0,29.663589477539062,29.830732345581055
2014-05-02 14:00:00,19.0,20.0,32.0,16.0,14.0,26.0,62.0,28.0,16.0,24.0,58.0,17.0,15.0,15.0,27.0,20.0,16.0,38.576324462890625,39.028804779052734,20.0,35.0,50.0,16.0,28.0,23.0,18.0,27.748310089111328,10.0,21.0,18.0,74.0,20.44970703125,21.0,18.0,29.0,28.66813850402832
2014-05-02 15:00:00,19.0,16.0,27.0,18.0,8.0,3.0,57.0,20.0,18.0,25.0,65.0,28.0,13.0,15.0,49.0,14.0,13.0,35.171173095703125,33.69341278076172,13.0,28.0,60.0,20.0,18.0,18.0,15.0,23.156078338623047,3.0,9.0,18.0,51.0,15.98085880279541,11.0,10.0,18.0,26.359743118286133
2014-05-02 16:00:00,5.0,9.0,27.0,15.0,18.0,3.0,57.0,15.0,18.0,35.0,65.0,28.0,13.0,11.0,48.0,3.0,20.0,30.96596336364746,32.34415054321289,12.0,22.0,59.0,19.0,17.0,9.0,18.0,19.24156951904297,29.0,3.0,17.0,12.0,10.783052444458008,12.0,5.0,13.0,28.980854034423828
2014-05-02 17:00:00,29.0,6.0,23.540285110473633,15.0,24.0,19.0,51.0,6.0,19.0,27.613767623901367,43.0,18.0,15.0,11.0,23.0,17.0,3.0,28.292234420776367,31.42668342590332,22.0,20.0,49.0,22.0,18.0,18.0,14.0,18.196767807006836,3.0,6.0,14.0,47.0,10.772089004516602,3.0,21.0,25.0,37.68806838989258
2014-05-02 18:00:00,22.0,3.0,36.0,7.0,8.0,13.0,29.0,16.0,15.0,18.0,45.0,23.106977462768555,9.0,5.0,36.0,27.0,3.0,30.137805938720703,31.935014724731445,12.0,20.0,37.0,15.0,18.0,11.0,14.0,19.49017906188965,5.0,13.0,9.0,29.0,11.967567443847656,12.0,19.0,27.0,45.369041442871094
2014-05-02 19:00:00,13.0,7.0,18.741323471069336,17.0,18.0,3.0,21.0,19.0,13.0,20.0,51.0,16.0,11.0,11.0,55.0,9.0,9.0,28.104246139526367,27.730981826782227,24.0,38.0,32.0,18.0,3.0,22.0,19.0,19.25853157043457,3.0,6.0,3.0,34.0,10.627209663391113,14.0,19.0,12.0,45.308616638183594
2014-05-02 20:00:00,12.00192642211914,13.669635772705078,16.0,16.567352294921875,18.33628273010254,9.866218566894531,12.0,16.1171817779541,9.0,18.693220138549805,25.06528663635254,12.0,10.0,14.056889533996582,13.492984771728516,14.256673812866211,18.324188232421875,22.104488372802734,20.582447052001953,3.0,17.69890022277832,27.98659896850586,11.0,10.0,12.399691581726074,14.07192611694336,14.443967819213867,8.793205261230469,22.244504928588867,10.0,18.752269744873047,8.832426071166992,13.039548873901367,33.218528747558594,27.401578903198242,43.449153900146484
2014-05-02 21:00:00,15.0,79.0,13.0,8.0,42.0,8.0,18.0,21.0,12.0,19.0,21.209754943847656,16.0,13.0,11.0,15.0,7.0,13.0,23.645952224731445,20.095069885253906,3.0,30.0,17.0,10.0,11.0,4.0,13.0,15.154139518737793,3.0,17.0,5.0,11.0,8.767877578735352,25.0,39.0,36.0,51.9991569519043
2014-05-02 22:00:00,16.700878143310547,16.581615447998047,12.0,15.949180603027344,24.35538101196289,11.545090675354004,17.0,14.296201705932617,19.0,12.635102272033691,19.14084243774414,13.0,14.0,14.50905704498291,11.875007629394531,11.462939262390137,20.39011573791504,22.641324996948242,20.464282989501953,20.0,13.51331615447998,31.022188186645508,14.0,15.0,14.647350311279297,16.7252197265625,11.85565185546875,8.432096481323242,22.559490203857422,10.0,14.458587646484375,5.702709674835205,13.213400840759277,42.04009246826172,40.3809700012207,58.598907470703125
2014-05-02 23:00:00,33.0,15.0,20.0,15.0,17.0,13.0,30.0,20.0,19.0,37.0,22.796714782714844,20.0,16.0,23.0,18.0,21.0,13.0,28.828584671020508,27.076725006103516,19.0,23.0,27.0,13.0,11.0,9.0,12.0,15.60618782043457,16.0,16.0,10.0,15.0,7.748685836791992,12.0,16.0,23.0,67.55599975585938
2014-05-03,41.0,20.0,35.0,19.0,24.0,32.0,26.0,28.0,27.0,44.0,23.6650333404541,21.0,16.0,34.0,25.0,15.0,16.0,24.198740005493164,22.71439552307129,30.0,42.0,27.0,16.0,18.0,17.0,16.0,13.746784210205078,20.0,5.0,11.0,13.0,6.913293838500977,17.0,12.0,21.0,62.091148376464844
2014-05-03 01:00:00,23.064664840698242,19.404739379882812,32.0,22.130630493164062,33.3877067565918,18.943761825561523,50.0,25.81549835205078,30.0,25.21341896057129,29.641023635864258,32.0,22.0,29.16935157775879,21.508573532104492,20.255733489990234,24.029205322265625,24.12246322631836,20.33693504333496,30.0,22.219572067260742,38.81068420410156,17.0,31.0,17.985076904296875,16.753986358642578,14.373129844665527,13.087325096130371,27.025455474853516,17.0,15.465514183044434,7.838422775268555,11.116342544555664,31.01400375366211,34.774173736572266,61.308860778808594
2014-05-03 02:00:00,56.0,7.0,32.0,29.0,28.0,25.0,44.0,39.0,38.0,68.0,41.75712966918945,33.0,22.0,49.0,25.0,50.0,27.0,37.68552017211914,33.764156341552734,27.0,60.0,42.0,24.0,17.0,34.0,27.0,21.135168075561523,28.0,14.0,12.0,16.0,12.039965629577637,15.390305519104004,88.0,26.0,74.44829559326172
2014-05-03 03:00:00,49.0,14.0,45.0,29.0,39.0,28.0,62.0,41.0,31.0,64.0,47.37837219238281,29.0,23.0,46.0,38.0,57.0,27.0,42.46855926513672,43.59135055541992,31.0,69.0,55.0,22.0,10.0,27.0,21.0,23.487585067749023,27.0,21.0,11.0,6.0,16.835308074951172,12.0,76.0,26.0,70.10880279541016
2014-05-03 04:00:00,33.685306549072266,23.13486099243164,51.0,31.08485221862793,45.14746856689453,29.53761100769043,42.0,41.699546813964844,33.0,48.97725296020508,47.79265594482422,31.0,26.0,46.78620910644531,29.516250610351562,39.05488586425781,46.838104248046875,42.674110412597656,42.392303466796875,31.0,46.42311096191406,48.87534713745117,39.0,12.0,18.19561767578125,21.525344848632812,20.5314884185791,21.697229385375977,26.089962005615234,9.0,11.847933769226074,14.154664039611816,16.242637634277344,41.40760803222656,44.958919525146484,61.324424743652344
2014-05-03 05:00:00,32.252769470214844,23.514965057373047,49.0,33.178401947021484,45.244895935058594,26.990253448486328,36.0,39.02664566040039,34.0,45.82508087158203,44.25102233886719,34.0,24.0,40.83890914916992,26.22215461730957,40.41405487060547,47.228538513183594,45.23151397705078,38.02435302734375,29.0,43.6413459777832,42.02308654785156,32.0,12.0,18.355749130249023,24.985118865966797,23.04392433166504,20.855045318603516,26.18548011779785,6.0,13.830689430236816,13.87525463104248,19.830245971679688,42.60552978515625,46.083343505859375,63.305721282958984
2014-05-03 06:00:00,62.0,8.0,44.0,22.0,37.0,33.0,34.0,41.0,30.0,58.0,40.87344741821289,27.0,20.0,31.0,28.0,50.0,34.0,41.0,33.799068450927734,30.0,70.0,42.0,27.0,14.0,16.0,9.0,22.59771156311035,14.0,7.0,9.0,9.0,13.090179443359375,16.0,39.0,40.0,62.25114440917969
2014-05-03 07:00:00,54.0,10.0,32.0,25.0,41.0,29.0,57.0,40.0,34.0,53.0,41.98891830444336,47.0,21.0,54.0,36.0,56.0,39.0,44.0,34.88949966430664,31.0,85.0,39.0,22.0,13.0,27.0,11.0,21.04751205444336,10.0,11.0,4.0,10.0,10.954723358154297,21.0,44.0,35.0,59.00405502319336
2014-05-03 08:00:00,28.779577255249023,20.61494255065918,31.602540969848633,30.830738067626953,42.044776916503906,25.982406616210938,37.49571228027344,37.34969711303711,41.0,47.97890853881836,45.652870178222656,27.690149307250977,22.26492691040039,41.857330322265625,26.148101806640625,36.686866760253906,43.767635345458984,44.782169342041016,38.755645751953125,35.13496017456055,43.97089385986328,41.09676742553711,20.160541534423828,24.267507553100586,16.697059631347656,21.64071273803711,18.522502899169922,16.727455139160156,24.340988159179688,11.0,11.533349990844727,10.79294490814209,14.291940689086914,34.43793487548828,47.36820602416992,56.94117736816406
2014-05-03 09:00:00,38.0,16.0,46.0,28.0,53.0,41.0,60.0,56.0,50.0,69.0,42.05014419555664,75.0,69.0,78.0,78.0,53.0,53.0,62.0,35.421966552734375,49.0,118.0,88.0,34.0,27.0,14.0,17.0,19.408954620361328,25.0,22.0,9.0,9.0,10.874624252319336,44.0,52.0,45.0,58.312171936035156
2014-05-03 10:00:00,44.0,17.0,55.0,36.0,65.0,40.0,77.0,59.0,56.0,73.0,66.11468505859375,47.793792724609375,59.0,76.0,70.0,51.0,58.0,77.0,55.264652252197266,54.0,97.0,104.0,58.0,29.0,21.0,24.0,23.508037567138672,34.0,23.0,22.0,14.0,17.360706329345703,182.0,52.0,55.0,65.34005737304688
2014-05-03 11:00:00,55.0,23.16895294189453,67.0,49.0,96.0,35.0,91.0,47.0,56.0,80.0,69.27318572998047,61.0,56.0,79.0,68.0,60.0,47.0,66.0,61.28181457519531,59.0,95.0,122.0,95.0,32.0,31.0,45.0,56.0,21.0,31.0,25.0,16.0,33.093833923339844,77.0,55.0,70.0,56.6314811706543
2014-05-03 12:00:00,70.0,38.0,72.0,57.0,60.0,51.0,62.491973876953125,63.0,71.0,76.0,77.83346557617188,62.0,58.0,64.0,77.0,69.0,58.0,84.0,69.00801849365234,55.0,111.0,167.0,69.0,42.0,42.0,52.0,60.0,35.0,30.0,35.0,22.0,32.11885452270508,75.0,62.0,76.0,67.05378723144531
2014-05-03 13:00:00,74.0,45.0,71.0,54.0,75.0,58.0,88.0,78.0,61.11519241333008,90.0,85.92284393310547,56.0,58.0,63.0,63.0,65.0,57.0,91.0,80.03935241699219,50.0,93.0,116.0,64.0,60.0,66.0,57.0,72.0,57.0,14.0,48.0,31.0,36.80060958862305,74.0,63.0,67.0,70.97428894042969
2014-05-03 14:00:00,56.84883117675781,52.413536071777344,65.3218765258789,72.51324462890625,67.55554962158203,52.45665740966797,87.0,74.1263427734375,61.31208801269531,80.33721160888672,84.34417724609375,56.0,57.0,77.40711212158203,59.540409088134766,74.48054504394531,74.7190933227539,79.01336669921875,81.14912414550781,49.0,82.929443359375,75.828369140625,64.0,59.0,48.00537872314453,63.36322784423828,72.0,57.13924789428711,37.31976318359375,48.0,42.97364044189453,43.599891662597656,65.67634582519531,73.90969848632812,70.9346923828125,73.25518035888672
2014-05-03 15:00:00,55.794189453125,54.85602951049805,58.29116439819336,65.27275848388672,61.065338134765625,47.45320129394531,98.0,70.33228302001953,55.44318771362305,71.63524627685547,76.8350830078125,53.0,50.0,68.16619873046875,53.6273193359375,70.03883361816406,75.19873046875,75.65665435791016,76.89759826660156,51.0,77.51532745361328,66.74180603027344,46.0,64.0,47.608455657958984,60.65195846557617,67.0,57.01370620727539,40.89317321777344,60.0,48.36725997924805,47.60028076171875,64.2725830078125,79.33800506591797,65.21011352539062,72.4090805053711
2014-05-03 16:00:00,56.7208366394043,59.35807418823242,52.0662956237793,55.79045104980469,52.56545639038086,45.258384704589844,43.0,66.6669692993164,48.913246154785156,61.951683044433594,68.3277816772461,31.0,21.0,61.61983871459961,49.94891357421875,61.766456604003906,70.82732391357422,67.51244354248047,67.84693145751953,36.0,70.50166320800781,60.159549713134766,40.0,27.0,48.3160285949707,53.58367919921875,28.0,52.13353729248047,46.91050720214844,23.0,53.802791595458984,47.0992317199707,56.06128692626953,77.68826293945312,57.54304122924805,67.59333801269531
2014-05-03 17:00:00,55.0,16.0,40.0,31.0,36.0,9.0,43.0,46.0,37.428550720214844,60.0,54.29657745361328,30.0,20.0,20.0,28.0,35.0,53.0,45.0,55.677215576171875,35.0,64.0,59.0,40.0,27.0,33.0,44.0,28.0,26.0,28.0,23.0,36.0,38.424217224121094,39.0,54.0,40.0,53.9729118347168
2014-05-03 18:00:00,65.0,21.0,59.0,28.0,34.0,32.0,50.0,29.0,24.44898223876953,50.0,39.78285598754883,31.0,21.0,38.0,62.0,36.0,3.0,40.0,42.09483337402344,23.0,60.0,66.0,33.0,26.0,70.0,42.0,45.0,21.0,25.0,21.0,50.0,29.05804443359375,38.0,39.0,25.0,40.59236145019531
2014-05-03 19:00:00,100.0,116.0,32.797691345214844,27.0,37.0,41.0,63.0,14.0,27.5113582611084,66.0,41.281776428222656,36.0,34.0,28.0,86.0,49.0,23.0,47.0,37.17512512207031,54.0,117.0,95.0,39.0,38.0,24.0,32.0,44.0,16.0,40.0,31.0,18.0,23.385875701904297,71.0,37.0,38.0,32.71355438232422
2014-05-03 20:00:00,195.0,33.0,38.75757598876953,50.0,111.0,49.0,79.0,45.0,34.665897369384766,105.0,50.715206146240234,50.0,62.0,36.0,43.001304626464844,55.0,30.0,87.0,53.087364196777344,62.0,160.0,104.0,48.0,32.0,38.0,30.0,58.0,18.0,39.0,26.0,37.0,22.420137405395508,82.0,48.0,33.0,38.85906982421875
2014-05-03 21:00:00,136.0,34.0,47.0,71.0,105.0,34.0,58.0,46.0,43.81394958496094,229.0,75.72834777832031,67.36041259765625,43.210018157958984,48.0,66.0,76.0,51.0,130.0,103.23939514160156,47.0,205.0,117.0,44.17332077026367,51.140750885009766,41.0,48.0,38.087913513183594,32.0,21.0,19.0,21.0,19.993139266967773,50.0,99.0,72.0,74.4464340209961
2014-05-03 22:00:00,87.0,24.0,28.0,44.0,79.0,18.0,42.0,33.0,24.0,132.0,91.8601303100586,20.0,22.0,36.0,51.0,57.0,55.0,100.0,134.9119415283203,24.0,127.0,96.0,25.0,15.0,29.0,47.0,18.0,22.0,24.0,11.0,12.0,16.924083709716797,62.0,93.0,79.0,100.78050994873047
2014-05-03 23:00:00,64.0,56.0,42.0,26.0,34.0,32.0,44.0,17.0,24.0,67.0,63.9957160949707,28.0,28.0,21.0,48.0,34.0,40.0,64.0,118.03266143798828,23.0,65.0,50.0,24.0,23.0,17.0,27.0,27.0,21.0,20.0,20.0,21.0,11.153013229370117,32.0,112.0,80.0,89.87032318115234
2014-05-04,77.0,40.0,32.0,28.0,27.0,23.0,45.0,27.0,30.0,57.0,40.01139450073242,30.0,25.0,21.0,42.0,38.0,14.0,41.0,89.5128402709961,31.0,66.0,50.0,27.0,26.0,24.0,22.0,25.0,19.0,29.0,24.0,23.0,8.021993637084961,20.0,37.0,38.0,72.94737243652344
2014-05-04 01:00:00,61.0,35.0,30.0,31.0,33.0,21.0,51.0,30.0,30.0,60.0,29.8877010345459,33.0,32.0,32.0,34.0,41.0,31.0,48.0,49.950923919677734,29.0,73.0,48.0,22.0,22.0,25.0,29.0,18.0,21.0,20.0,18.0,21.0,8.847691535949707,30.0,45.0,32.0,50.0979118347168
2014-05-04 02:00:00,53.0,28.0,38.0,26.0,30.0,37.0,39.0,29.0,32.0,50.0,36.027557373046875,29.0,26.0,27.0,34.0,39.0,30.0,48.0,35.677520751953125,36.0,58.0,52.0,23.0,22.0,25.0,25.0,20.0,16.0,21.0,24.0,20.0,13.205772399902344,26.0,40.0,34.0,43.1202392578125
2014-05-04 03:00:00,34.40764236450195,32.46155548095703,36.510746002197266,27.471519470214844,30.486600875854492,29.3271484375,33.89801788330078,34.96630859375,28.279869079589844,41.90396499633789,40.639469146728516,33.44120407104492,22.178258895874023,38.79563522338867,26.93233299255371,31.820024490356445,44.12085723876953,43.45779037475586,31.023584365844727,36.96002197265625,38.981449127197266,39.0,24.932117462158203,34.14448165893555,29.151681900024414,33.334632873535156,30.179502487182617,16.76773452758789,35.36188507080078,30.70716094970703,21.33323097229004,16.828632354736328,25.251853942871094,51.318260192871094,45.575164794921875,45.343570709228516
2014-05-04 04:00:00,33.0,38.0,33.0,32.0,25.0,28.0,33.0,30.0,30.0,41.0,43.0024528503418,24.0,24.0,20.0,30.0,34.12601852416992,33.0,46.0,31.468280792236328,31.0,45.0,35.0,24.0,24.0,34.0,19.0,24.0,13.0,31.0,26.0,22.0,22.723384857177734,22.0,29.0,27.0,54.318763732910156
2014-05-04 05:00:00,34.0,36.0,34.0,23.0,32.0,30.0,34.0,27.0,31.0,32.0,39.48735809326172,30.0,23.0,22.0,25.0,31.731170654296875,30.0,55.0,24.447978973388672,27.0,36.0,50.0,28.0,33.0,32.0,22.0,27.0,12.0,28.0,27.0,30.0,20.378963470458984,20.0,28.0,30.0,51.951271057128906
2014-05-04 06:00:00,30.60609245300293,35.63252258300781,32.88954162597656,32.02617263793945,37.62074661254883,24.354475021362305,40.0,30.572742462158203,32.0,32.735740661621094,40.209476470947266,33.0,33.0,27.1566162109375,24.20073890686035,30.620716094970703,43.70554733276367,39.590919494628906,24.95306396484375,30.0,33.50071334838867,35.360660552978516,30.36905860900879,39.0,33.02220153808594,34.3572998046875,28.0,21.628854751586914,35.246524810791016,30.0,27.820354461669922,22.1749267578125,24.943946838378906,45.60947036743164,43.11836624145508,53.07716369628906
2014-05-04 07:00:00,32.34790802001953,36.390968322753906,32.30846405029297,32.915199279785156,38.72660446166992,25.579572677612305,47.0,30.98017692565918,34.0,31.70648193359375,40.06568145751953,35.0,30.0,28.511581420898438,24.749996185302734,29.9378662109375,45.33820724487305,40.836822509765625,28.359647750854492,31.788129806518555,34.29203796386719,40.43733215332031,37.0,38.0,32.373382568359375,37.11188507080078,35.0,26.324491500854492,36.87921905517578,30.0,29.636449813842773,25.473674774169922,28.066802978515625,52.9807014465332,46.80067825317383,57.93059539794922
2014-05-04 08:00:00,40.0,46.0,38.0,37.0,29.0,36.0,51.0,36.0,36.0,36.0,39.05697250366211,35.0,25.0,33.0,35.0,44.0,34.0,34.0,38.0,37.0,41.0,46.0,37.0,37.0,34.0,27.0,32.0,24.0,30.0,35.0,44.0,28.525774002075195,30.0,32.0,34.0,60.38961410522461
2014-05-04 09:00:00,36.686485290527344,40.7846565246582,33.23298263549805,29.456775665283203,35.16983413696289,28.65498924255371,40.933204650878906,35.494564056396484,28.49799919128418,30.45163345336914,39.646034240722656,35.716426849365234,24.9284725189209,31.004676818847656,29.013662338256836,29.5075740814209,39.34381103515625,39.34141159057617,30.860187530517578,31.305843353271484,35.48322296142578,47.94234085083008,36.95932388305664,39.46946716308594,32.63187789916992,34.311431884765625,32.72541809082031,28.261014938354492,41.32600021362305,42.51358413696289,34.41349411010742,27.117956161499023,28.51011085510254,51.56393814086914,39.103206634521484,53.213260650634766
2014-05-04 10:00:00,33.0,40.0,36.0,30.0,40.0,35.0,42.0,50.0,24.0,40.0,37.36237335205078,28.0,23.0,31.0,33.0,47.0,37.0,46.0,47.0,25.0,44.0,51.0,26.0,23.0,31.0,35.0,24.0,31.0,35.0,14.0,38.0,30.046260833740234,37.0,40.0,31.0,51.13056564331055
2014-05-04 11:00:00,31.943340301513672,37.092529296875,28.0,23.081113815307617,27.42686653137207,29.0,50.0,35.497840881347656,22.0,28.486812591552734,36.78607177734375,28.0,23.0,31.5037899017334,36.0,26.495193481445312,35.853851318359375,38.592315673828125,31.830453872680664,29.0,34.94919204711914,45.254947662353516,24.0,23.0,26.20823097229004,30.487781524658203,25.0,24.614917755126953,37.843204498291016,18.0,30.394790649414062,25.762670516967773,24.55832862854004,52.489654541015625,34.13533401489258,43.280784606933594
2014-05-04 12:00:00,26.905010223388672,32.51618957519531,24.0,16.499691009521484,21.84027099609375,27.0,55.0,32.21037292480469,23.0,25.30511474609375,32.82377624511719,20.0,20.363975524902344,30.362733840942383,48.0,24.091506958007812,31.89480209350586,34.47462844848633,28.574262619018555,19.0,31.88051986694336,41.5616455078125,18.0,24.0,21.658884048461914,25.671852111816406,30.0,18.779157638549805,34.51443862915039,16.0,25.683629989624023,21.171825408935547,19.78466033935547,46.857177734375,30.3348388671875,37.463932037353516
2014-05-04 13:00:00,24.32974624633789,29.367048263549805,21.160301208496094,14.217339515686035,19.695024490356445,20.25220489501953,35.34610366821289,29.871112823486328,20.739490509033203,22.338899612426758,30.367677688598633,28.91278076171875,18.654924392700195,29.9596004486084,22.874704360961914,22.842941284179688,28.2020320892334,30.248579025268555,25.962268829345703,24.117694854736328,29.438190460205078,56.0,23.62881851196289,26.55588150024414,19.403844833374023,22.52832794189453,19.952938079833984,14.61498737335205,31.1297664642334,26.463706970214844,22.16106605529785,17.447269439697266,15.963067054748535,42.23564147949219,28.982376098632812,34.97746658325195
2014-05-04 14:00:00,13.0,46.0,34.0,24.0,24.23701286315918,21.0,46.0,23.0,31.0,39.0,31.88284683227539,28.0,20.743043899536133,17.0,28.0,39.0,9.0,54.0,28.0,22.0,11.0,46.0,20.0,23.0,29.0,33.0,20.0,25.0,27.0,21.0,7.0,16.718677520751953,46.0,20.0,17.0,41.47977066040039
2014-05-04 15:00:00,17.0,31.0,35.0,12.0,22.0,18.0,33.0,23.0,18.0,29.0,33.17795181274414,30.0,16.089309692382812,25.0,14.0,32.0,18.0,31.0,42.0,12.0,22.0,50.0,18.0,16.0,19.0,31.0,23.0,10.0,19.0,15.0,15.0,15.466981887817383,23.0,25.0,28.0,38.956993103027344
2014-05-04 16:00:00,17.0,35.0,24.0,14.0,32.0,25.0,34.0,33.0,22.0,19.0,30.183969497680664,24.0,9.0,9.0,13.0,24.980592727661133,3.0,21.0,44.0,16.0,19.0,52.0,9.0,16.0,16.0,52.0,19.0,13.0,19.0,13.0,8.0,11.800419807434082,30.0,27.0,31.0,37.8316764831543
2014-05-04 17:00:00,25.0,40.0,24.0,12.0,17.0,14.765650749206543,28.0,16.0,45.0,17.876361846923828,26.58348846435547,9.0,3.0,17.0,18.036779403686523,8.0,6.0,29.0,29.0,24.0,13.0,49.0,10.0,9.0,9.0,34.0,19.0,16.0,7.0,16.0,11.0,9.794453620910645,19.0,23.0,17.0,37.55293273925781
2014-05-04 18:00:00,17.0,43.0,20.0,10.0,19.0,9.457676887512207,30.0,18.0,41.0,14.222219467163086,9.0,6.0,7.0,11.0,13.273324012756348,13.0,14.0,16.0,19.0,14.0,14.0,43.0,10.0,16.0,10.0,25.0,19.0,14.0,17.0,10.0,12.0,6.644580841064453,28.0,19.0,19.0,31.888065338134766
2014-05-04 19:00:00,15.892354965209961,17.291452407836914,15.215048789978027,13.344216346740723,16.623275756835938,27.0,36.0,19.285795211791992,22.0,11.531144142150879,19.443857192993164,10.0,12.0,17.652986526489258,17.0,13.390514373779297,13.089008331298828,15.692182540893555,11.4832763671875,18.0,16.82522964477539,29.553651809692383,10.0,16.0,12.616889953613281,19.262779235839844,15.0,7.279514789581299,18.92862319946289,13.0,15.126785278320312,7.0849480628967285,13.101815223693848,29.41288185119629,24.679807662963867,34.46012496948242
2014-05-04 20:00:00,14.0,38.0,15.078960418701172,14.0,16.0,14.0,28.0,9.0,17.0,3.0,10.0,16.0,25.0,11.0,21.0,18.0,3.0,22.0,23.0,20.0,9.0,32.0,10.0,13.0,10.0,18.0,14.0,10.0,3.0,14.0,12.0,6.6287384033203125,24.0,10.0,18.0,41.892208099365234
2014-05-04 21:00:00,16.0,35.0,15.74866771697998,11.0,20.0,21.0,27.0,18.0,15.0,20.0,16.0,11.0,18.0,10.0,26.0,17.0,9.0,22.0,20.0,20.0,16.0,26.0,15.0,18.0,14.0,22.0,15.0,10.0,3.0,15.0,11.0,6.379093170166016,17.0,13.0,18.0,46.83354187011719
2014-05-04 22:00:00,17.0,31.0,17.218460083007812,11.0,18.0,11.0,32.0,16.0,23.0,21.0,18.0,14.0,22.0,14.0,24.0,19.0,15.0,20.0,26.0,19.0,16.0,31.0,19.0,16.0,11.0,22.0,18.0,3.0,21.0,17.0,12.0,8.141237258911133,25.0,14.0,24.0,51.905242919921875
2014-05-04 23:00:00,29.0,21.0,41.0,11.0,28.0,21.0,32.0,27.0,27.0,22.0,20.0,20.0,32.0,19.0,25.0,30.0,14.0,30.0,31.0,18.0,17.0,32.0,23.0,19.0,20.0,27.0,13.0,3.0,18.0,12.0,14.0,10.612122535705566,26.0,21.0,26.0,55.35841751098633
2014-05-05,44.0,24.0,42.0,10.0,48.0,37.0,39.0,28.0,31.0,48.0,20.0,27.0,20.0,22.0,22.0,29.0,24.0,31.0,55.0,13.0,22.0,46.0,23.0,20.0,15.0,21.0,18.124425888061523,13.0,21.0,15.0,12.0,10.163533210754395,14.0,23.0,11.0,55.84981918334961
2014-05-05 01:00:00,37.0,20.0,50.0,28.0,60.0,48.0,28.56816291809082,42.0,43.0,38.0,32.0,21.0,24.0,40.0,29.0,41.0,37.0,53.0,35.0,15.0,32.0,45.053932189941406,26.0,12.0,16.0,46.0,41.0,15.0,3.0,17.0,14.0,9.930135726928711,15.0,32.0,116.0,58.80144119262695
2014-05-05 02:00:00,32.0,11.0,43.0,28.0,60.0,37.0,59.0,54.0,29.33013343811035,37.0,41.0,30.880189895629883,26.0,42.0,27.0,47.0,59.0,58.0,59.0,16.0,40.0,47.398597717285156,28.0,8.0,27.0,34.0,16.0,11.0,21.0,9.0,12.0,11.58221435546875,19.0,42.0,37.0,72.50730895996094
2014-05-05 03:00:00,34.0,14.0,40.0,29.0,57.0,48.0,66.0,54.0,49.0,29.0,42.0,28.746902465820312,23.0,53.0,30.0,55.0,36.0,55.0,60.0,22.0,67.0,82.0,20.0,12.0,17.0,23.0,16.0,11.0,38.0,12.0,8.0,7.687730312347412,18.0,38.0,36.0,64.85427856445312
2014-05-05 04:00:00,29.987152099609375,25.559682846069336,28.0,27.423072814941406,37.07759094238281,20.0,68.0,39.40529251098633,32.0,39.91595458984375,41.06787872314453,32.45695495605469,40.0,42.137359619140625,30.0,32.48240280151367,37.201622009277344,40.77776336669922,41.51362228393555,33.0,41.430511474609375,45.211639404296875,17.0,10.0,18.17337989807129,15.527945518493652,17.0,12.737371444702148,24.382061004638672,16.0,13.546131134033203,5.132654666900635,10.369346618652344,37.21148681640625,42.31741714477539,55.13160705566406
2014-05-05 05:00:00,30.330957412719727,26.00193977355957,31.046289443969727,26.09013557434082,36.485870361328125,26.644811630249023,34.26384353637695,38.94907760620117,28.529529571533203,41.92500686645508,40.04887008666992,30.458541870117188,23.860088348388672,41.98509216308594,27.704254150390625,32.327919006347656,39.66669845581055,39.56240463256836,34.479522705078125,31.356191635131836,41.74126434326172,85.0,17.525177001953125,25.59951400756836,19.021448135375977,14.77115535736084,11.332919120788574,8.976092338562012,26.111572265625,17.446998596191406,14.453229904174805,6.052314758300781,7.944751262664795,33.361820220947266,39.86240768432617,50.707427978515625
2014-05-05 06:00:00,25.0,18.0,26.0,23.0,51.0,22.0,38.0,37.0,30.0,39.0,33.0,41.0,20.0,45.0,21.0,34.0,30.0,64.0,41.0,32.0,41.0,63.0,10.0,15.0,8.0,24.0,19.0,14.0,18.0,11.0,11.0,8.901870727539062,24.0,42.0,133.0,61.52220153808594
2014-05-05 07:00:00,25.0,16.0,20.0,17.0,33.0,12.0,31.0,27.0,29.0,41.0,29.0,32.0,14.0,39.0,27.0,21.0,33.0,38.0,23.0,15.0,37.0,48.0,10.0,11.0,10.0,19.0,27.0,6.0,12.0,5.0,9.0,8.90872573852539,15.0,52.0,77.0,69.59970092773438
2014-05-05 08:00:00,27.296775817871094,21.0187931060791,24.0,29.736591339111328,38.47224426269531,25.0,35.0,28.139726638793945,22.0,34.95877456665039,31.060813903808594,20.366350173950195,10.0,26.479202270507812,20.0,26.288705825805664,41.48529052734375,37.168636322021484,22.50918960571289,11.0,36.52231979370117,32.98779296875,18.0,16.0,15.992435455322266,22.77549934387207,27.0,8.94958782196045,20.54364776611328,10.0,10.423022270202637,3.9420478343963623,15.336871147155762,41.07052993774414,55.521080017089844,55.246864318847656
2014-05-05 09:00:00,24.93456268310547,22.964523315429688,24.0,26.545900344848633,34.089962005615234,25.0,34.0,24.391489028930664,24.0,26.391841888427734,28.019634246826172,19.108903884887695,9.0,22.004344940185547,20.0,25.972522735595703,34.84773254394531,31.112598419189453,17.426939010620117,31.0,31.650352478027344,29.601289749145508,22.0,26.0,17.88559913635254,21.62155532836914,34.0,9.767266273498535,22.390594482421875,11.0,10.452481269836426,4.487428665161133,15.02657413482666,34.552833557128906,46.67055892944336,51.92707061767578
2014-05-05 10:00:00,25.0,22.0,14.0,17.0,39.0,6.0,40.0,21.0,23.819381713867188,19.0,23.0,22.0,7.0,5.0,12.0,46.0,11.0,71.0,43.0,5.0,10.0,49.0,18.0,17.0,16.0,19.0,22.0,11.0,24.0,14.0,19.0,8.121399879455566,16.0,31.0,26.0,54.340492248535156
2014-05-05 11:00:00,22.04077911376953,22.536514282226562,21.183212280273438,23.77178382873535,29.14442253112793,13.470065116882324,21.217029571533203,21.69058609008789,17.442296981811523,21.49750328063965,28.780075073242188,20.834754943847656,8.175604820251465,19.763341903686523,15.351771354675293,22.653772354125977,30.133249282836914,31.735475540161133,27.508495330810547,21.4169921875,27.04947853088379,35.0,19.93084144592285,19.42938804626465,20.74933624267578,21.443878173828125,20.526845932006836,14.055586814880371,23.17874526977539,21.01491928100586,15.710927963256836,9.515416145324707,20.089866638183594,40.49671173095703,35.97031021118164,48.83328628540039
2014-05-05 12:00:00,12.0,31.0,23.32082176208496,17.0,27.0,8.0,43.0,15.0,14.0,23.0,21.0,17.0,5.0,12.0,17.0,22.0,20.0,43.0,26.0,7.0,20.0,39.0,16.0,16.0,12.0,15.0,14.0,15.0,18.0,9.0,9.0,11.723803520202637,11.0,12.0,8.0,52.831459045410156
2014-05-05 13:00:00,12.0,46.0,20.838634490966797,17.0,25.0,15.0,28.0,14.0,16.0,12.0,14.0,14.0,9.0,13.0,9.0,19.0,3.0,22.0,23.0,15.0,11.0,52.0,10.0,18.799715042114258,9.0,16.0,20.0,12.0,12.0,14.0,13.0,9.607184410095215,9.0,22.0,30.745681762695312,48.93623733520508
2014-05-05 14:00:00,12.0,38.0,21.0,11.0,26.0,22.0,17.0,14.0,10.0,21.0,18.0,23.828113555908203,14.0,3.0,12.0,21.0,34.0,24.029605865478516,16.0,10.0,14.0,31.0,8.0,9.0,11.0,14.0,17.49290657043457,7.0,15.0,14.0,14.0,9.766488075256348,17.0,15.0,33.88270568847656,52.58055114746094
2014-05-05 15:00:00,7.0,36.0,20.68580436706543,6.0,21.0,22.0,16.0,14.0,17.269861221313477,8.0,18.0,343.0,13.0,9.0,11.0,17.0,12.0,24.141658782958984,15.0,10.0,9.0,39.0,7.0,8.0,18.257076263427734,16.0,86.0,11.0,15.0,13.0,11.0,8.689810752868652,10.0,13.0,3.0,55.479286193847656
2014-05-05 16:00:00,6.0,32.0,62.760963439941406,18.0,29.0,13.0,19.0,3.0,20.0,10.0,16.0,68.74461364746094,6.0,8.0,15.0,14.0,30.0,49.66577911376953,8.0,24.0,11.0,36.0,18.0,18.0,4.0,11.0,12.0,6.0,10.0,8.0,13.0,18.30900764465332,14.0,18.0,5.0,86.46102905273438
2014-05-05 17:00:00,6.0,38.0,34.0,13.0,23.0,12.0,23.0,15.0,55.0,20.0,29.0,35.56028747558594,9.0,15.0,17.0,21.0,3.0,42.693145751953125,18.0,24.0,43.0,33.0,14.0,9.0,6.0,14.0,10.0,4.0,10.0,8.0,5.0,17.474754333496094,77.0,21.0,16.0,83.92815399169922
2014-05-05 18:00:00,12.0,39.0,42.0,19.0,32.0,18.0,36.0,20.0,29.0,23.0,39.0,17.10553741455078,9.0,14.0,20.0,31.0,18.0,32.7532958984375,42.0,28.0,17.0,33.0,20.0,11.0,12.0,11.0,14.0,5.0,3.0,12.0,14.0,14.971572875976562,9.0,20.0,12.0,60.9334716796875
2014-05-05 19:00:00,12.0,49.0,36.0,22.0,165.0,14.0,34.0,23.0,22.0,19.0,54.0,13.710244178771973,13.0,24.0,23.0,27.0,20.0,25.554763793945312,32.0,9.0,22.0,38.0,19.0,24.0,22.0,18.0,20.0,21.0,3.0,21.0,9.0,7.961172103881836,13.0,19.0,15.0,49.48274612426758
2014-05-05 20:00:00,39.0,129.0,35.0,21.0,32.0,22.0,34.0,25.0,26.0,13.0,31.0,27.70420265197754,12.0,22.0,18.0,27.0,11.0,31.289304733276367,41.0,37.0,23.0,32.0,26.0,28.0,22.0,25.0,26.0,31.0,3.0,23.0,14.0,5.67152738571167,12.0,17.0,15.0,76.7798080444336
2014-05-05 21:00:00,34.0,121.0,46.0,25.0,30.0,19.0,30.0,24.0,40.0,21.0,26.0,26.987422943115234,16.0,21.0,30.0,25.0,31.0,29.547574996948242,49.0,27.0,21.0,39.0,27.0,28.0,21.0,24.0,29.0,9.0,20.0,22.0,21.0,15.017722129821777,22.0,29.0,15.0,64.96995544433594
2014-05-05 22:00:00,32.0,26.0,56.0,33.0,42.0,31.0,39.0,31.0,34.0,30.0,35.0,28.3609676361084,18.0,23.0,29.0,41.0,23.0,30.178951263427734,45.0,22.0,27.0,38.0,34.0,32.0,27.0,30.0,35.0,32.0,27.0,22.0,21.0,17.529953002929688,23.0,42.0,20.0,51.82668685913086
2014-05-05 23:00:00,34.0,28.0,52.0,41.0,34.65480422973633,35.0,42.0,34.0,35.0,29.0,39.0,33.857566833496094,19.0,28.0,30.0,49.0,30.0,35.79957962036133,48.0,28.0,27.0,34.0,34.0,37.0,27.0,33.0,34.0,26.0,27.0,24.0,20.0,21.259126663208008,32.0,40.0,22.0,47.723392486572266
2014-05-06,35.0,31.0,56.0,45.0,56.0,42.0,50.0,33.0,43.0,30.0,42.0,36.03805923461914,36.0,45.0,39.0,42.0,36.0,40.1043701171875,69.0,39.0,34.0,50.0,46.0,38.0,28.0,34.0,37.0,24.0,25.0,24.0,20.0,22.57817840576172,25.0,40.0,36.0,44.72568130493164
2014-05-06 01:00:00,33.0,35.0,63.0,46.0,52.0,47.0,54.0,41.0,47.0,51.0,48.0,45.05316925048828,42.0,53.0,62.0,47.0,37.0,49.453060150146484,74.0,56.0,48.0,59.0,50.0,41.0,39.0,31.0,39.0,28.0,31.0,25.0,25.0,24.080469131469727,36.0,37.0,37.0,52.56515121459961
2014-05-06 02:00:00,57.0,47.0,58.0,42.0,47.0,50.0,58.0,45.0,48.0,53.0,54.0,53.232181549072266,48.0,52.0,50.0,56.0,37.0,59.10163879394531,77.0,45.0,47.0,59.0,50.0,48.0,50.0,25.0,45.0,29.0,32.0,27.0,24.0,26.989667892456055,30.0,47.0,42.0,57.08467483520508
2014-05-06 03:00:00,81.0,41.0,60.0,49.0,45.0,53.0,56.0,50.0,46.0,58.0,53.0,55.44872283935547,44.0,53.0,49.0,56.0,45.0,64.5996322631836,64.0,36.0,48.0,56.0,52.0,46.0,59.0,27.0,40.0,27.0,35.0,30.0,23.0,29.60515022277832,34.0,53.0,44.0,58.7199821472168
2014-05-06 04:00:00,77.0,48.0,65.0,58.0,57.0,47.0,55.0,51.0,51.0,62.0,48.0,52.79936981201172,48.0,62.0,64.0,58.0,41.0,67.34104919433594,76.0,59.0,51.0,63.0,47.0,35.0,58.0,26.0,29.0,22.0,31.0,45.0,30.0,31.481611251831055,39.0,62.0,46.0,61.48839569091797
2014-05-06 05:00:00,68.0,51.0,62.0,62.0,70.0,57.0,65.0,51.0,62.0,56.0,54.0,52.434288024902344,65.0,81.0,63.0,61.0,49.0,69.86106872558594,80.0,62.0,58.0,72.0,42.0,40.0,76.0,27.0,32.0,29.0,30.0,36.0,52.0,29.072444915771484,40.0,69.0,55.0,65.70829010009766
2014-05-06 06:00:00,61.0,45.0,57.0,68.0,65.0,60.0,70.0,57.0,70.0,62.0,63.0,55.05689239501953,56.0,68.0,66.0,67.0,55.0,74.1830825805664,77.0,69.0,75.0,71.0,43.0,42.0,59.0,27.0,36.0,27.0,25.0,40.0,46.0,27.66539764404297,39.0,67.0,75.0,71.31053924560547
2014-05-06 07:00:00,60.0,49.0,56.0,76.0,56.0,60.0,65.63573455810547,64.0,61.0,85.0,67.0,57.61509704589844,54.0,70.0,75.0,70.0,65.0,79.82101440429688,76.0,47.0,71.0,75.0,43.0,42.0,58.0,36.0,38.0,21.0,26.0,43.0,42.0,27.38174819946289,40.0,63.0,63.0,78.82225036621094
2014-05-06 08:00:00,56.0,53.0,63.0,60.0,76.0,74.0,65.50603485107422,58.0,58.0,69.0,66.0,57.35447692871094,60.0,66.0,61.0,72.0,57.0,81.59383392333984,76.0,62.0,63.0,71.0,35.0,47.0,60.0,36.0,45.0,22.0,46.0,44.0,48.0,28.71734046936035,37.0,57.0,69.0,80.66228485107422
2014-05-06 09:00:00,67.0,49.0,61.0,66.0,69.0,72.0,63.15141677856445,63.0,63.0,74.0,70.0,54.56121063232422,55.0,66.0,61.0,70.0,65.0,78.20559692382812,80.0,59.0,58.0,61.0,43.0,58.0,70.0,42.0,53.0,29.0,41.0,52.0,48.0,27.522113800048828,42.0,53.0,69.0,78.84668731689453
2014-05-06 10:00:00,102.0,50.0,59.0,57.0,110.0,70.0,118.0,54.0,66.0,91.0,76.0,66.0,56.0,54.0,58.0,73.0,60.0,76.61419677734375,107.0,64.0,63.0,93.0,56.0,56.0,69.0,51.0,59.0,24.0,46.0,45.0,56.0,32.68499755859375,48.0,74.0,69.0,79.05744171142578
2014-05-06 11:00:00,89.0,46.0,62.0,61.0,61.0,52.0,70.73211669921875,59.0,57.25104522705078,79.0,73.0,68.0,61.0,57.0,61.0,72.0,77.0,82.53076934814453,83.0,81.0,83.0,97.0,86.0,58.0,65.0,53.0,59.0,39.0,52.0,51.0,67.0,35.99983596801758,57.0,84.0,64.0,85.17570495605469
2014-05-06 12:00:00,62.0,66.0,74.0,63.0,56.0,95.0,71.0,91.0,315.0,63.0,88.0,72.0,66.0,61.0,63.0,77.0,70.0,85.4150161743164,81.0,61.0,78.97667694091797,110.0,66.0,62.0,71.0,60.0,57.0,38.0,59.0,53.0,71.0,45.920257568359375,62.0,108.0,76.0,79.56173706054688
2014-05-06 13:00:00,67.44935607910156,71.19892120361328,74.0,63.80796432495117,56.94777297973633,110.0,84.0,78.97296905517578,66.73534393310547,90.50955963134766,90.88517761230469,79.0,67.94679260253906,76.46121215820312,86.0,75.82819366455078,82.72217559814453,92.28477478027344,82.85938262939453,81.0,96.88543701171875,89.828857421875,79.0,68.0,61.18291473388672,60.00368118286133,68.0,45.656646728515625,60.35317611694336,60.09831237792969,57.32759475708008,43.970516204833984,66.38714599609375,83.97210693359375,74.24258422851562,68.78163146972656
2014-05-06 14:00:00,70.47622680664062,75.24430084228516,91.0,69.35868835449219,61.46730041503906,93.0,107.0,84.081787109375,67.18004608154297,89.59162902832031,92.60140228271484,80.0,74.88887786865234,82.08779907226562,75.0,81.28939819335938,85.04046630859375,93.8671875,87.56243133544922,85.0,94.58349609375,86.1486587524414,83.0,75.0,65.600830078125,65.05530548095703,72.0,52.45305633544922,63.859859466552734,65.56271362304688,62.10874557495117,48.6623649597168,69.31012725830078,87.62710571289062,71.57756805419922,70.43318176269531
2014-05-06 15:00:00,73.08261108398438,78.96603393554688,96.0,73.76036071777344,65.30170440673828,112.0,93.10386657714844,87.83611297607422,68.27349853515625,90.26181030273438,94.53202056884766,85.0,77.31380462646484,84.50276184082031,88.0,85.4135513305664,88.63357543945312,95.24491119384766,91.04107666015625,77.0,96.08917999267578,84.8153305053711,76.0,68.0,68.34968566894531,69.61144256591797,70.0,57.27656173706055,65.38282775878906,70.36504364013672,66.0866470336914,53.61580276489258,72.34825134277344,92.50818634033203,71.45521545410156,73.50133514404297
2014-05-06 16:00:00,73.47151947021484,81.07008361816406,100.0,71.70426177978516,64.31318664550781,101.0,94.53202056884766,90.01858520507812,67.4710693359375,89.06849670410156,93.48204040527344,89.0,56.0,83.9323501586914,96.0,86.35608673095703,89.76728820800781,95.01732635498047,90.39077758789062,82.80638885498047,97.11853790283203,82.38172149658203,78.0,78.0,67.93669128417969,69.754638671875,84.0,55.57274627685547,64.20986938476562,73.0,66.80238342285156,53.70438766479492,71.40504455566406,92.4932861328125,70.00969696044922,72.14189147949219
2014-05-06 17:00:00,75.55831909179688,83.93390655517578,74.3949966430664,73.8938980102539,65.21710968017578,72.09786987304688,92.34185791015625,89.89068603515625,66.59563446044922,85.80974578857422,92.00237274169922,77.7967529296875,74.83071899414062,82.26437377929688,76.3660888671875,87.46865844726562,88.12625885009766,92.02027130126953,86.73596954345703,81.54786682128906,95.18033599853516,79.0503158569336,88.63204956054688,77.3084945678711,70.78203582763672,70.9607925415039,75.60269165039062,57.085243225097656,66.1313247680664,74.224853515625,69.4437255859375,55.86199951171875,71.34979248046875,89.63578033447266,67.54061126708984,72.61363983154297
2014-05-06 18:00:00,72.93583679199219,79.22050476074219,100.0,71.73892211914062,62.81222915649414,96.0,88.51133728027344,85.5906982421875,61.19688415527344,81.533935546875,88.31222534179688,100.0,111.0,78.5218276977539,71.93120574951172,83.52900695800781,84.04499816894531,88.81686401367188,86.27125549316406,77.0293197631836,90.82147216796875,77.83248901367188,97.0,79.0,67.43941497802734,70.63451385498047,84.0,60.788909912109375,66.76636505126953,73.0,70.35067749023438,57.59779357910156,71.60199737548828,89.652587890625,65.55928039550781,71.81876373291016
2014-05-06 19:00:00,76.4218978881836,81.60338592529297,113.0,72.08985137939453,64.60842895507812,109.0,69.0,88.25929260253906,64.18155670166016,82.57061767578125,90.03716278076172,104.0,116.0,83.2905044555664,115.0,84.55632019042969,83.23307800292969,88.6605224609375,87.82288360595703,61.0,93.64386749267578,85.7919921875,105.0,89.0,69.83568572998047,72.22763061523438,98.0,65.51732635498047,69.72925567626953,83.0,71.85372161865234,61.44449234008789,73.27557373046875,89.75464630126953,66.88179016113281,73.06640625
2014-05-06 20:00:00,85.0032730102539,88.72926330566406,109.0,79.67020416259766,71.677490234375,100.0,96.0,94.23175048828125,69.83451080322266,85.9635238647461,94.56414794921875,103.0,110.0,89.02904510498047,112.0,90.10750579833984,84.92324829101562,91.10354614257812,90.15510559082031,100.0,98.7464370727539,92.50213623046875,108.0,97.0,77.65451049804688,78.03072357177734,100.0,72.5971908569336,75.78140258789062,83.0,78.26508331298828,68.36343383789062,78.63467407226562,91.10347747802734,67.89498901367188,77.63451385498047
2014-05-06 21:00:00,90.01909637451172,91.67538452148438,84.82306671142578,84.62348175048828,77.258056640625,96.0,108.0,101.2919921875,74.3319091796875,93.41728973388672,101.13372802734375,108.0,117.0,96.30313110351562,110.0,95.19934844970703,87.94110107421875,96.18787384033203,96.72749328613281,103.0,107.10572814941406,102.26679229736328,111.0,96.0,81.73338317871094,82.28738403320312,103.0,78.90264892578125,79.57901000976562,78.0,83.55975341796875,73.61365509033203,83.97521209716797,93.49813842773438,70.9548568725586,81.14926147460938
2014-05-06 22:00:00,91.0782470703125,89.76144409179688,128.0,85.84187316894531,79.76798248291016,100.0,113.0,106.54395294189453,76.19940185546875,100.2855224609375,106.0781478881836,110.0,126.0,103.12682342529297,103.0,97.60572814941406,90.7141342163086,100.83245849609375,104.39534759521484,126.0,113.27022552490234,110.35617065429688,114.0,104.0,80.58501434326172,84.2314224243164,97.8516616821289,85.1108169555664,81.3664779663086,70.0,86.310302734375,78.49251556396484,87.27019500732422,98.47869873046875,74.3649673461914,83.5842056274414
2014-05-06 23:00:00,94.08296966552734,92.98297882080078,114.0,89.05194091796875,84.40296173095703,112.0,118.0,113.9538803100586,81.89875030517578,109.44745635986328,112.90008544921875,125.0,126.0,111.09681701660156,122.0,104.38500213623047,96.16121673583984,107.9302978515625,111.54656982421875,120.0,121.91284942626953,117.42231750488281,114.0,102.0,84.03823852539062,85.31494140625,104.0,86.64220428466797,83.9603271484375,73.0,89.02581024169922,79.93136596679688,89.56002044677734,100.54977416992188,78.38880920410156,87.75761413574219
2014-05-07,96.97307586669922,94.41828918457031,123.0,91.69290924072266,87.75638580322266,107.0,118.0,121.40082550048828,86.44445037841797,117.86119079589844,119.35630798339844,125.0,131.0,120.11543273925781,124.0,109.99903869628906,100.9615478515625,113.72578430175781,118.5884017944336,122.0,129.923095703125,125.4306869506836,121.0,88.0,85.67138671875,86.35889434814453,90.0,89.03124237060547,85.28861236572266,85.0,90.8377456665039,80.95732116699219,91.87017059326172,102.9625244140625,82.75436401367188,92.16690063476562
2014-05-07 01:00:00,99.6301498413086,95.76171875,124.0,94.05596160888672,90.2403793334961,120.0,121.0,127.16786193847656,89.87789916992188,125.7132568359375,124.53831481933594,126.0,120.0,127.35366821289062,128.0,115.12026977539062,106.37162017822266,120.46285247802734,126.68030548095703,121.0,135.9549560546875,131.02481079101562,131.0,86.0,86.48690032958984,86.3615951538086,102.0,89.73616027832031,87.27753448486328,66.0,92.64099884033203,79.88624572753906,93.6240005493164,106.97834777832031,86.61573791503906,98.1368637084961
2014-05-07 02:00:00,100.31826782226562,95.06029510498047,117.0,95.14371490478516,91.86736297607422,111.0,130.0,130.46392822265625,93.60550689697266,131.6125946044922,128.8507843017578,120.0,134.0,132.93853759765625,123.0,120.96968078613281,111.99812316894531,127.73307800292969,134.5760498046875,138.0,141.78924560546875,135.0343780517578,120.0,92.0,85.80773162841797,89.66950988769531,106.0,92.24237823486328,86.27493286132812,76.0,88.62139892578125,80.82980346679688,99.4498519897461,113.39781188964844,91.86320495605469,102.39285278320312
2014-05-07 03:00:00,99.41606140136719,93.12760162353516,130.0,96.26472473144531,93.57210540771484,136.0,135.0,133.47613525390625,96.00601196289062,136.78634643554688,132.6532440185547,130.0,137.0,138.08453369140625,130.0,123.56398010253906,116.10918426513672,131.43197631835938,137.45704650878906,130.0,145.5337677001953,138.84140014648438,121.0,87.0,84.15626525878906,91.48279571533203,86.0,93.73236083984375,83.98567962646484,64.0,88.02323913574219,80.8171157836914,101.8904037475586,116.62342071533203,96.61930084228516,106.09964752197266
2014-05-07 04:00:00,99.08951568603516,91.05406188964844,132.0,91.2806396484375,91.75726318359375,127.0,132.0,138.0488739013672,100.49745178222656,143.47647094726562,135.55905151367188,123.0,146.0,145.29531860351562,132.0,124.98825073242188,121.2359619140625,137.28134155273438,140.97311401367188,136.0,151.52671813964844,147.20745849609375,121.0,78.0,80.73799896240234,90.12568664550781,85.0,90.55172729492188,80.52793884277344,75.0,83.69573211669922,77.56551361083984,103.07295989990234,119.4405517578125,101.81542205810547,108.68621826171875
2014-05-07 05:00:00,99.14850616455078,89.96977996826172,139.0,91.4594497680664,92.56937408447266,125.0,131.0,141.4192352294922,105.4381332397461,149.0695343017578,138.99322509765625,128.0,142.0,152.78221130371094,128.0,127.17423248291016,125.06970977783203,142.55870056152344,144.5837860107422,130.0,155.30044555664062,153.41452026367188,122.0,82.0,79.74076080322266,90.47158813476562,79.0,89.17618560791016,77.76193237304688,82.0,81.23345184326172,74.57064819335938,105.34542083740234,121.32701873779297,105.43219757080078,112.34880828857422
2014-05-07 06:00:00,102.03936767578125,93.25804138183594,135.0,96.54489135742188,96.4037094116211,121.0,136.0,144.9390869140625,111.43852233886719,154.32015991210938,142.9920654296875,129.0,142.0,158.06063842773438,132.0,130.83212280273438,129.82510375976562,147.8511199951172,148.76596069335938,114.0,157.9176788330078,156.0824432373047,133.0,95.0,82.861328125,91.7088851928711,83.0,89.2059555053711,78.29545593261719,85.0,83.75334930419922,74.1217269897461,107.47480773925781,124.56609344482422,107.79564666748047,117.60379028320312
2014-05-07 07:00:00,106.45198059082031,98.7181167602539,151.0,104.77499389648438,101.34890747070312,118.0,129.0,147.12599182128906,115.59519958496094,158.25628662109375,146.89892578125,132.0,146.0,160.9595947265625,119.0,135.05532836914062,135.2165985107422,151.96060180664062,155.34764099121094,115.0,158.9622802734375,156.76971435546875,124.0,101.0,87.6568603515625,95.69451141357422,92.0,95.56792449951172,83.36766052246094,97.0,89.54650115966797,79.4449691772461,111.77574157714844,131.8809814453125,109.02204132080078,125.10956573486328
2014-05-07 08:00:00,110.49249267578125,107.0796127319336,145.0,110.90079498291016,104.74143981933594,122.0,123.0,147.86642456054688,116.68095397949219,158.7924041748047,147.99679565429688,146.0,144.0,158.35040283203125,124.0,137.45016479492188,140.2176055908203,152.9327392578125,156.5272674560547,138.0,159.06817626953125,151.1771240234375,123.0,95.0,93.1556167602539,98.42236328125,107.0,97.57624816894531,88.51956939697266,79.0,96.83723449707031,84.2824478149414,113.53040313720703,136.84442138671875,108.35102844238281,128.88967895507812
2014-05-07 09:00:00,109.4730224609375,108.04324340820312,149.0,108.77828979492188,103.42967224121094,126.0,135.0,147.171142578125,117.25178527832031,160.67349243164062,149.61117553710938,131.0,120.0,156.78274536132812,112.0,137.6558074951172,144.0277862548828,154.36550903320312,155.36793518066406,127.0,163.18475341796875,152.46751403808594,117.0,42.0,92.12199401855469,101.73849487304688,97.0,98.76402282714844,87.36640930175781,30.0,93.43605041503906,87.86902618408203,117.24286651611328,139.2171630859375,112.22478485107422,126.25547790527344
2014-05-07 10:00:00,93.9728775024414,90.55615997314453,82.0,91.791259765625,94.40386199951172,72.0,57.0,137.42678833007812,33.0,160.30140686035156,146.3785858154297,98.0,81.0,146.1558837890625,54.0,132.05740356445312,148.980224609375,160.09629821777344,147.19097900390625,68.0,164.32530212402344,147.486328125,108.0,27.0,76.27857971191406,104.18887329101562,88.0,91.07201385498047,70.99036407470703,68.61502075195312,70.70066833496094,85.34648132324219,122.40141296386719,140.94903564453125,121.14965057373047,114.76165771484375
2014-05-07 11:00:00,72.21240234375,65.84870910644531,48.0,84.24341583251953,85.1014633178711,57.0,22.0,103.19588470458984,13.0,129.6067352294922,122.12186431884766,27.0,42.0,109.46036529541016,24.0,113.82350158691406,137.72935485839844,147.5738983154297,138.6810760498047,23.0,123.65310668945312,102.2008056640625,73.0,30.0,56.80995178222656,102.31491088867188,39.0,88.98638153076172,63.053993225097656,56.70554733276367,64.7703857421875,79.19869995117188,119.33402252197266,148.58522033691406,115.88375854492188,111.7659683227539
2014-05-07 12:00:00,52.36905288696289,55.72331619262695,43.0,70.08567810058594,71.69187927246094,40.0,23.0,65.54236602783203,26.0,89.21167755126953,88.47318267822266,14.0,37.0,59.82106018066406,31.0,86.3497543334961,126.81062316894531,129.2022705078125,127.8294448852539,18.0,76.70030975341797,39.75899124145508,44.0,20.0,43.49763488769531,82.39954376220703,28.0,67.3065414428711,64.00263214111328,49.34953689575195,63.54446029663086,65.51110076904297,101.60931396484375,162.45828247070312,105.96031188964844,113.85233306884766
2014-05-07 13:00:00,44.341983795166016,60.69270706176758,28.66276741027832,51.23951721191406,54.38973617553711,22.235855102539062,36.24542236328125,43.03017044067383,34.41303253173828,53.43690490722656,60.439483642578125,15.21214485168457,25.581106185913086,31.48897361755371,32.185115814208984,60.29570770263672,107.66973114013672,101.00990295410156,103.52591705322266,40.239166259765625,48.07316970825195,7.212800025939941,52.42229080200195,30.648242950439453,40.91875076293945,60.792205810546875,49.53242111206055,40.997100830078125,66.47683715820312,44.95248031616211,52.217140197753906,46.326107025146484,78.75260162353516,155.47598266601562,93.96887969970703,110.27067565917969
2014-05-07 14:00:00,48.324771881103516,61.22134017944336,42.0,35.04766845703125,32.90044021606445,49.0,25.29171371459961,31.830747604370117,20.0,23.06618309020996,37.8049201965332,22.0,36.0,24.828582763671875,26.0,38.546600341796875,74.6377182006836,67.9944076538086,74.4722671508789,28.0,30.022218704223633,11.8923978805542,39.26024627685547,30.0,40.743080139160156,55.38963317871094,15.0,33.669437408447266,64.75971984863281,20.0,37.492393493652344,37.358985900878906,68.1563720703125,134.32485961914062,76.9627685546875,96.26123809814453
2014-05-07 15:00:00,49.01188659667969,57.57680892944336,57.0,14.466653823852539,14.237306594848633,33.0,26.0,30.85451316833496,21.0,9.747313499450684,23.931909561157227,24.0,30.0,25.748201370239258,27.0,23.046613693237305,48.932159423828125,46.03063201904297,47.63875198364258,24.0,25.262985229492188,20.815025329589844,31.130613327026367,21.0,37.61072540283203,47.48513412475586,10.0,20.194400787353516,58.995887756347656,21.0,27.687713623046875,26.840166091918945,57.18620681762695,105.79627227783203,55.338905334472656,69.43962860107422
2014-05-07 16:00:00,47.64681625366211,50.120506286621094,47.0,3.6166133880615234,4.718527793884277,28.0,20.0,29.826091766357422,18.0,4.312557220458984,19.235939025878906,14.0,31.0,28.242338180541992,20.0,16.477615356445312,30.0469970703125,31.085205078125,28.614883422851562,24.0,22.740304946899414,29.22144889831543,28.608930587768555,17.0,34.14048385620117,41.69003677368164,19.518281936645508,11.514552116394043,51.28662872314453,12.0,22.31440544128418,19.340951919555664,46.2174186706543,76.95709228515625,34.95421600341797,42.66786575317383
2014-05-07 17:00:00,41.72921371459961,39.6251220703125,64.0,-0.9259955883026123,1.761697769165039,20.0,18.0,26.677078247070312,12.0,2.60760498046875,19.126808166503906,19.0,24.0,27.907251358032227,7.0,14.0785493850708,19.133651733398438,21.866857528686523,15.317442893981934,16.0,20.797271728515625,31.500389099121094,42.0,12.0,28.451627731323242,36.395423889160156,21.797216415405273,9.421241760253906,42.63217544555664,8.0,19.17935562133789,17.568405151367188,36.436553955078125,54.12236022949219,19.0413761138916,22.11124610900879
2014-05-07 18:00:00,33.95572280883789,29.871973037719727,78.0,0.005361795425415039,4.597179889678955,19.0,14.0,22.93074607849121,12.0,3.58274245262146,21.654632568359375,10.0,34.0,25.80816078186035,13.0,14.814443588256836,14.714197158813477,18.163541793823242,9.65471076965332,12.0,20.088476181030273,31.12084197998047,32.0,12.0,23.531206130981445,32.330787658691406,27.00566864013672,12.267273902893066,34.3553581237793,7.0,17.09244728088379,18.436695098876953,30.377866744995117,38.90406036376953,11.24216365814209,12.581149101257324
2014-05-07 19:00:00,27.747739791870117,24.668481826782227,149.0,4.289012908935547,11.146930694580078,44.0,99.0,21.5592041015625,9.0,5.848515510559082,25.255582809448242,10.0,24.0,25.276681900024414,13.0,17.45417022705078,13.965280532836914,17.679201126098633,9.003250122070312,8.0,21.71562957763672,31.149669647216797,70.0,12.0,21.07822608947754,27.997127532958984,6.0,12.933326721191406,26.59720230102539,24.0,15.131638526916504,16.98284149169922,23.50766372680664,27.974891662597656,11.863375663757324,11.331560134887695
2014-05-07 20:00:00,32.522193908691406,28.86699676513672,20.0,23.248565673828125,29.163101196289062,22.185773849487305,46.0,29.898334503173828,8.0,17.81287956237793,39.6783447265625,17.0,23.0,31.490720748901367,11.0,33.76414489746094,21.03677749633789,28.52590560913086,22.399091720581055,12.0,32.183265686035156,38.42472457885742,11.0,12.0,30.347776412963867,30.509775161743164,15.0,19.395151138305664,25.28610610961914,33.0,17.856952667236328,16.834697723388672,27.390594482421875,25.300596237182617,21.165000915527344,24.419971466064453
2014-05-07 21:00:00,24.86292839050293,23.153789520263672,19.0,17.382965087890625,26.65545654296875,14.113545417785645,38.0,28.444028854370117,12.0,16.261573791503906,33.768558502197266,17.0,30.0,28.68370246887207,11.0,24.8518009185791,23.80714225769043,26.277503967285156,20.296979904174805,17.0,28.07584571838379,33.56519317626953,13.0,10.0,21.75932502746582,23.987754821777344,16.0,15.666509628295898,21.529401779174805,6.0,19.110952377319336,15.49522590637207,19.056446075439453,27.92055892944336,21.503610610961914,29.17680549621582
2014-05-07 22:00:00,17.128976821899414,16.999780654907227,16.0,12.663461685180664,22.675397872924805,31.0,52.0,23.57345962524414,21.0,15.20076847076416,28.87001609802246,19.0,28.0,25.672225952148438,21.0,18.87208366394043,21.151464462280273,23.674068450927734,20.07210350036621,14.0,24.21795654296875,30.84923553466797,17.0,11.0,14.358094215393066,17.36259651184082,18.0,11.20764446258545,18.24287986755371,14.0,15.987435340881348,11.858298301696777,12.301433563232422,26.677785873413086,23.401851654052734,31.802688598632812
2014-05-07 23:00:00,15.784675598144531,15.72983169555664,16.0,13.246047973632812,24.24895477294922,16.0,47.0,23.15328598022461,20.0,17.511695861816406,28.528724670410156,21.0,19.0,27.082544326782227,17.0,18.789134979248047,21.232454299926758,23.91111946105957,23.431922912597656,17.0,23.68016242980957,32.97056579589844,20.0,21.0,13.461008071899414,14.382885932922363,15.0,9.611732482910156,19.253049850463867,23.0,15.903829574584961,9.892624855041504,9.844531059265137,27.857534408569336,27.123653411865234,39.20281982421875
2014-05-08,21.288705825805664,20.26474380493164,20.0,19.774465560913086,32.90459442138672,18.0,33.0,25.652908325195312,22.0,22.895885467529297,32.51211166381836,43.0,27.0,30.639404296875,14.0,22.12350082397461,28.737442016601562,29.904216766357422,32.348297119140625,30.0,26.119592666625977,37.10537338256836,56.0,28.0,19.294273376464844,16.320167541503906,18.0,11.66860294342041,25.07489585876465,42.0,20.631601333618164,11.752592086791992,12.557623863220215,39.129737854003906,35.00618362426758,54.30868911743164
2014-05-08 01:00:00,35.26274490356445,27.86897850036621,23.0,33.802268981933594,47.63389205932617,27.0,64.0,31.912084579467773,72.0,34.73003005981445,43.4321403503418,78.0,79.0,38.483943939208984,41.0,31.07878303527832,42.17115783691406,42.80577850341797,49.950416564941406,79.0,33.59522247314453,50.40856170654297,92.0,22.0,28.43387794494629,27.354211807250977,20.0,25.712038040161133,35.69621658325195,20.0,29.174434661865234,21.860387802124023,26.37843894958496,60.676212310791016,48.07586669921875,76.11943054199219
2014-05-08 02:00:00,47.344276428222656,30.296337127685547,56.0,45.15238952636719,59.0628662109375,57.0,88.0,47.51675033569336,100.0,57.04967498779297,62.74867630004883,93.0,105.0,60.553897857666016,91.0,44.43339920043945,57.25962829589844,60.38154220581055,79.39559936523438,96.0,52.595054626464844,77.60929107666016,111.0,12.0,29.081693649291992,37.23783874511719,14.0,45.49237823486328,44.0152587890625,14.0,31.684370040893555,31.903104782104492,41.8923454284668,82.46947479248047,63.702877044677734,93.86588287353516
2014-05-08 03:00:00,55.237892150878906,26.72334861755371,114.0,44.51041030883789,59.374122619628906,97.0,108.0,66.01045227050781,124.0,79.32394409179688,76.44436645507812,112.0,122.0,83.82931518554688,112.0,53.7645263671875,70.57317352294922,73.83261108398438,97.84825134277344,104.0,71.86881256103516,101.78810119628906,106.0,12.0,19.702348709106445,43.583038330078125,36.0,57.83024597167969,48.11671447753906,13.0,28.35081672668457,38.40681838989258,50.567195892333984,95.47958374023438,71.07093048095703,98.80989074707031
2014-05-08 04:00:00,63.550079345703125,30.692337036132812,115.0,46.10768508911133,64.511962890625,123.0,122.0,86.46775817871094,115.0,101.46107482910156,90.35822296142578,105.0,121.0,107.47224426269531,130.0,68.06206512451172,81.06434631347656,83.51718139648438,98.10029602050781,96.0,93.6253662109375,119.82669830322266,96.0,22.0,17.337308883666992,49.446372985839844,26.0,59.62550354003906,48.838951110839844,12.0,24.439861297607422,40.31842041015625,54.19731903076172,90.44475555419922,75.24053192138672,95.02923583984375
2014-05-08 05:00:00,67.58741760253906,31.964710235595703,118.0,48.32194137573242,66.17261505126953,116.0,132.0,99.21290588378906,116.0,114.99347686767578,96.79290008544922,127.0,131.0,119.20316314697266,125.0,75.79486083984375,85.1351547241211,88.31836700439453,89.74405670166016,107.0,104.66056823730469,123.59687042236328,89.0,39.0,16.631221771240234,51.16792297363281,44.0,53.83462905883789,47.01959228515625,16.0,26.27488899230957,37.6885871887207,53.56814193725586,78.58232116699219,72.27088165283203,87.83960723876953
2014-05-08 06:00:00,72.52165222167969,38.648170471191406,112.0,59.475738525390625,73.3177490234375,112.0,134.0,109.29414367675781,110.0,126.81221771240234,106.15171813964844,116.0,146.0,129.2732391357422,120.0,85.2544937133789,88.95791625976562,93.97835540771484,85.1301498413086,135.0,113.44493865966797,127.15036010742188,100.0,20.0,24.109851837158203,55.273162841796875,60.0,53.378395080566406,48.425296783447266,16.0,32.79313278198242,39.271392822265625,56.62150955200195,69.51876831054688,71.60099029541016,85.94734191894531
2014-05-08 07:00:00,72.70215606689453,39.015785217285156,105.0,68.50941467285156,74.57877349853516,113.0,135.0,111.73670196533203,134.0,132.4007568359375,111.74523162841797,123.0,131.0,129.01617431640625,123.0,91.28882598876953,90.43590545654297,97.6490707397461,80.65028381347656,135.0,117.87167358398438,126.1836166381836,118.0,29.0,25.986906051635742,62.98481750488281,63.0,56.71107482910156,45.26837158203125,21.0,34.56855010986328,44.280086517333984,65.112060546875,64.20287322998047,70.5364990234375,81.50037384033203
2014-05-08 08:00:00,71.73696899414062,40.58053970336914,70.0,78.48040771484375,76.83722686767578,114.0,130.0,112.43192291259766,117.0,135.88087463378906,117.78856658935547,132.0,131.0,128.02865600585938,113.0,97.7845230102539,92.4313735961914,103.73994445800781,85.23355102539062,107.0,120.37782287597656,127.18672180175781,119.0,28.0,30.612903594970703,70.89969635009766,69.0,65.12533569335938,45.018043518066406,31.0,38.42381286621094,50.20396423339844,76.29468536376953,65.77195739746094,74.2552261352539,83.56953430175781
2014-05-08 09:00:00,68.45175170898438,38.97864532470703,83.0,80.44042205810547,73.27054595947266,101.0,139.0,108.16793823242188,93.0,133.26039123535156,117.61351776123047,145.0,112.0,124.49832916259766,113.0,96.933349609375,93.68070983886719,108.78780364990234,94.89408874511719,100.0,117.53238677978516,126.55626678466797,126.0,39.0,29.84674072265625,76.80908966064453,68.0,73.7004623413086,43.71037292480469,35.0,41.276123046875,56.29170227050781,85.53401947021484,77.94223022460938,79.2793960571289,84.82592010498047
2014-05-08 10:00:00,66.85879516601562,40.284088134765625,92.0,79.18682861328125,71.07745361328125,97.0,147.0,105.45375061035156,85.0,129.33279418945312,116.81372833251953,106.0,101.0,124.7750473022461,89.0,95.28380584716797,97.70726013183594,113.97869873046875,109.67351531982422,92.0,115.48167419433594,129.1912078857422,121.0,91.0,31.757186889648438,79.84123229980469,51.0,82.83443450927734,44.92179870605469,55.0,44.441287994384766,61.69095993041992,92.7376480102539,96.20584106445312,87.18590545654297,92.01411437988281
2014-05-08 11:00:00,72.96398162841797,54.12708282470703,80.0,83.0342025756836,74.7892837524414,80.0,117.0,106.49727630615234,69.0,124.51122283935547,116.21793365478516,81.0,77.0,127.18067169189453,91.3544921875,95.01192474365234,105.26571655273438,121.45270538330078,132.1034698486328,73.0,112.16344451904297,128.50048828125,104.0,66.94129943847656,45.89780044555664,78.99945068359375,57.0,90.50794219970703,56.81509017944336,91.0,60.679954528808594,66.90750122070312,97.22062683105469,121.80110168457031,92.68334197998047,109.377685546875
2014-05-08 12:00:00,74.1948471069336,62.44713592529297,65.0,76.01676177978516,65.55239868164062,74.39131164550781,64.0,96.7383804321289,56.0,110.05936431884766,103.9145736694336,64.0,70.0,111.03862762451172,81.70289611816406,85.97484588623047,109.09014892578125,120.46771240234375,141.75457763671875,50.0,100.22176361083984,108.91044616699219,107.0,63.32429885864258,48.933311462402344,76.94119262695312,70.0,87.59244537353516,66.23564147949219,104.0,72.9835205078125,70.78638458251953,97.24801635742188,146.91262817382812,87.36198425292969,111.82803344726562
2014-05-08 13:00:00,74.3861083984375,71.0976333618164,49.0,72.20623016357422,53.590660095214844,32.0,60.0,77.14309692382812,59.0,85.17866516113281,84.29280090332031,59.0,63.0,82.74561309814453,34.0,73.49613189697266,102.09602355957031,109.96793365478516,140.46221923828125,55.0,75.44740295410156,77.38907623291016,97.0,77.0,53.41488265991211,77.39703369140625,68.0,82.19618225097656,79.98736572265625,89.0,82.72981262207031,74.8333969116211,97.14360809326172,167.1728515625,78.34758758544922,109.1195297241211
2014-05-08 14:00:00,57.0,47.0,56.0,60.0,49.0,66.0,62.0,48.0,58.0,42.0,155.0,47.0,64.0,49.0,57.0,74.0,38.0,47.0,58.0,55.0,45.0,58.0,81.0,49.0,57.0,60.0,87.0,50.0,76.0,57.0,76.0,74.89807891845703,39.0,53.0,61.0,66.0
2014-05-08 15:00:00,57.0,47.0,59.0,60.0,49.0,49.0,87.0,48.0,59.0,42.0,155.0,62.0,71.0,49.0,55.0,74.0,38.0,47.0,58.0,60.0,45.0,58.0,60.0,54.0,57.0,60.0,85.0,50.0,76.0,48.0,76.0,55.033512115478516,39.0,53.0,61.0,66.0
2014-05-08 16:00:00,64.0,53.0,54.0,53.0,51.0,59.0,100.0,64.0,64.0,50.0,62.0,73.0,74.0,53.0,61.0,66.0,44.0,52.0,59.0,64.0,56.0,65.0,61.0,58.0,63.0,61.0,69.0,64.0,73.80853271484375,62.0,55.0,55.31709289550781,60.0,65.0,73.0,68.0
2014-05-08 17:00:00,62.0,51.0,68.0,60.0,48.0,48.0,78.0,68.0,61.0,28.0,68.0,86.0,88.0,41.0,66.0,90.0,73.0,58.0,69.0,71.0,68.0,62.0,69.0,52.0,62.0,65.0,66.0,81.0,71.73687744140625,55.0,60.0,59.114200592041016,66.0,54.0,57.0,77.0
2014-05-08 18:00:00,69.0,56.0,71.0,73.0,69.0,55.0,67.0,74.0,64.0,3.0,77.0,73.0,75.0,53.0,57.0,98.0,55.0,91.0,79.0,69.0,75.0,79.0,77.0,68.0,68.0,64.0,73.0,57.0,40.0,59.0,74.0,61.97910690307617,52.0,78.0,50.0,68.0
2014-05-08 19:00:00,81.0,61.0,61.0,67.0,64.0,41.0,66.0,64.0,56.0,44.0,70.0,63.0,66.0,69.0,57.0,81.0,56.0,65.0,65.0,55.0,70.0,74.0,80.0,63.0,66.0,57.0,84.0,59.0,61.0,60.0,72.0,57.858848571777344,39.0,73.0,47.0,58.0
2014-05-08 20:00:00,77.0,58.0,68.0,60.0,52.0,52.0,64.0,65.0,51.0,58.0,53.0,70.0,69.0,59.0,53.0,80.0,63.0,53.0,81.0,54.0,59.0,67.0,75.0,57.0,62.0,49.0,81.0,70.0,71.0,58.0,79.0,56.626014709472656,69.0,81.0,45.0,55.0
2014-05-08 21:00:00,64.0,57.0,68.0,56.0,53.0,65.0,69.0,60.0,68.0,58.0,61.0,63.0,72.0,68.0,66.0,71.0,56.0,75.0,69.0,61.0,66.0,80.0,65.0,63.0,61.0,60.0,76.0,61.0,75.0,58.0,71.0,61.26524353027344,64.0,62.0,46.0,51.0
2014-05-08 22:00:00,62.0,54.0,73.0,60.0,64.0,56.0,62.0,73.0,62.0,63.0,77.0,63.0,62.0,57.0,56.0,76.0,63.0,58.0,57.0,61.0,72.0,63.0,60.0,64.0,66.0,61.0,71.0,75.0,66.23303985595703,66.0,62.0,58.667015075683594,70.0,85.0,48.0,64.0
2014-05-08 23:00:00,79.0,62.0,64.0,60.0,52.0,49.0,52.0,65.0,52.0,61.0,70.0,58.0,59.0,53.0,55.0,78.0,65.0,58.0,60.0,60.0,59.0,63.0,64.0,59.0,75.0,51.0,64.0,53.0,67.0,56.0,66.0,58.5191764831543,60.0,60.0,54.0,64.0
2014-05-09,75.0,53.0,58.0,60.0,49.0,56.0,64.0,52.0,55.0,55.0,58.0,64.0,69.0,50.0,66.0,67.0,72.0,62.0,67.0,68.0,62.0,70.0,53.0,60.0,74.0,59.0,60.0,54.0,97.0,54.0,70.0,52.481143951416016,53.0,63.0,52.0,63.0
2014-05-09 01:00:00,57.0,49.0,61.0,66.0,54.0,63.0,72.0,62.0,68.0,71.0,65.0,66.0,81.0,61.0,71.0,72.0,61.0,71.0,56.0,76.0,64.0,70.0,58.0,58.0,71.0,51.0,55.0,48.0,63.0,50.0,64.0,51.04725646972656,53.0,61.0,61.0,68.0
2014-05-09 02:00:00,73.0,52.0,65.0,67.0,56.0,69.0,71.0,71.0,76.0,73.0,78.0,72.0,77.0,63.0,74.0,73.0,66.0,85.0,48.0,68.0,73.0,69.72278594970703,54.0,62.0,68.0,50.0,55.0,49.0,60.0,51.0,57.0,45.43017578125,60.0,65.0,60.0,79.0
2014-05-09 03:00:00,88.0,55.0,71.0,62.0,60.0,72.0,62.0,76.0,69.0,70.0,80.0,57.0,65.0,54.0,72.0,82.0,73.0,73.0,61.0,62.0,77.0,65.0,55.0,58.0,67.0,50.0,54.0,47.0,54.0,54.46488952636719,55.0,42.33229446411133,67.0,69.0,60.0,88.0
2014-05-09 04:00:00,75.0,58.0,80.0,63.0,68.0,66.0,62.0,70.0,67.0,67.0,81.0,62.0,63.0,59.0,71.0,85.0,74.0,71.0,73.0,74.0,73.0,65.60034942626953,58.0,56.0,69.0,55.0,55.0,53.0,61.0,57.304134368896484,61.0,40.44321060180664,64.0,58.0,69.0,86.0
2014-05-09 05:00:00,70.0,63.0,84.0,67.0,80.0,54.0,64.0,71.0,59.0,56.0,68.0,68.0,58.0,65.0,59.0,87.0,73.0,57.0,74.0,56.0,64.0,62.33415985107422,67.0,54.0,69.0,60.0,53.0,50.0,60.0,60.904972076416016,64.0,42.14993667602539,64.0,63.0,74.0,84.0
2014-05-09 06:00:00,77.0,62.0,70.0,76.0,81.0,46.0,67.0,61.0,60.0,49.0,63.0,80.0,72.0,64.0,59.0,79.0,66.0,63.0,69.0,69.0,67.0,58.83418655395508,67.0,52.0,74.0,50.0,53.0,51.0,63.0,64.56163787841797,67.0,44.666805267333984,61.0,79.0,80.0,78.0
2014-05-09 07:00:00,73.0,58.0,67.0,63.0,67.0,53.0,79.0,62.0,75.0,63.0,64.0,83.0,81.0,58.0,72.0,64.0,50.0,78.0,83.0,79.0,68.0,63.742584228515625,62.0,64.0,69.0,51.0,53.0,47.0,69.0,66.57350158691406,67.0,47.4435920715332,61.0,93.0,68.0,93.0
2014-05-09 08:00:00,72.0,58.0,79.0,63.0,66.0,76.0,84.0,79.0,82.0,61.0,83.0,78.0,85.0,64.0,78.0,74.0,59.0,90.0,107.0,88.0,78.0,76.23234558105469,76.0,62.0,69.0,63.0,60.0,61.0,61.0,65.97112274169922,50.0,48.88603591918945,46.0,130.0,65.0,80.0
